Station ID,Pollutant,Date,H01,H02,H03,H04,H05,H06,H07,H08,H09,H10,H11,H12,H13,H14,H15,H16,H17,H18,H19,H20,H21,H22,H23,H24,
59006,Nitrogen Dioxide,2025-01-01,1.8,2.2,2.6,1.9,2.2,2.1,2.4,1.9,1.6,1.4,1.3,1,0.9,0.9,1,0.9,0.9,0.8,0.9,0.8,0.9,0.8,0.8,0.9,
59006,Nitrogen Dioxide,2025-01-02,1,1.3,1.3,1.5,1.7,1.4,1.7,1.9,1.9,1.8,1.4,1.4,1.5,1.6,1.8,1.2,1.6,2,1.5,1.4,1.8,1.7,1.7,1.4,
59006,Nitrogen Dioxide,2025-01-03,1.3,1.5,1.5,4.1,1.5,1.9,2.1,3.8,3.2,2.1,1.7,1.4,1.3,1.3,1.1,1.2,1.3,1.5,0.9,0.8,1.1,1.1,1,1,
59006,Nitrogen Dioxide,2025-01-04,1,1.2,1,1,1.3,1.3,2.2,3.6,3.5,2.1,1.6,2,1.6,1.6,1.4,1.3,1.2,1.3,1.2,1.3,1.2,1.1,1,0.9,
59006,Nitrogen Dioxide,2025-01-05,1.2,1,1.1,1,1.1,1.4,1.6,2.2,2.9,2.5,1.9,1.3,1.2,1.2,1.2,1.4,1.5,2,2.6,3,2.3,2,1.8,1.4,
59006,Nitrogen Dioxide,2025-01-06,1.9,3.9,3.5,9999,3.4,3.4,2.8,3.2,3.5,2.2,1.5,1.6,1.2,1.3,1.4,1.7,3.9,5.9,4,1.9,1.5,1.1,1.1,1.2,
59006,Nitrogen Dioxide,2025-01-07,1.6,1.2,1.2,1,0.9,1,1.1,1.4,2,1.3,1.2,0.9,0.9,0.9,1.1,1.2,1.7,1.7,1.5,2.4,2.3,2.7,3,4.3,
59006,Nitrogen Dioxide,2025-01-08,1,1.3,1,1.1,1.2,1.5,1.4,1.5,2.1,1.6,1.5,1.2,1.2,1.3,1.5,1.8,2.1,2.3,2.1,2.1,1.6,1.5,1.3,1.3,
59006,Nitrogen Dioxide,2025-01-09,1.3,1.3,1.3,1.3,1.3,1.3,1.4,1.5,2.1,1.6,1.6,1.5,1.5,1.6,1.6,1.5,1.6,1.7,1.7,1.6,1.6,1.6,1.6,1.6,
59006,Nitrogen Dioxide,2025-01-10,1.3,1.9,1.9,2.5,3.4,4.7,7.7,6.9,18.2,17.3,11,10.4,7,2.1,3.1,4.8,8.3,11.3,12.3,10.1,11,10.8,11.2,12.6,
59006,Nitrogen Dioxide,2025-01-11,11,10.2,9.5,7.3,8.7,8.7,11.9,13.1,12.8,10.9,8.4,4.3,3.8,3.9,4.3,4.6,7.2,8.2,8.9,11.2,8.4,9,12.3,9.4,
59006,Nitrogen Dioxide,2025-01-12,5.8,7,6,7.9,7.5,11.4,17.3,22.8,18.5,19.9,15.2,8.6,5.9,5.5,5.4,6.8,8.5,8.9,8.2,8.4,7.4,5.6,6,5.3,
59006,Nitrogen Dioxide,2025-01-13,4.6,4.5,5,9999,6.8,11.1,8.3,8.8,7.9,5.7,3.8,3.6,3.2,3,2.9,3.1,3,2.7,2.5,2.6,2.6,2.3,2,1.9,
59006,Nitrogen Dioxide,2025-01-14,1.8,2,1.8,1.7,1.7,1.9,2.3,3.1,3,2.5,2,2.3,2,2,1.8,2.1,2.3,2.4,2.1,2.5,2.4,2,1.8,2.1,
59006,Nitrogen Dioxide,2025-01-15,1.9,1.8,1.8,2.1,2.6,2.6,3.1,3.6,4.6,3.6,2.8,2.3,2.1,2.3,2.6,2.9,4.2,6,7.1,6.8,5.8,3.6,3.3,2.9,
59006,Nitrogen Dioxide,2025-01-16,3.6,6.7,7.2,9,9.5,23.5,32.3,35,33.9,24.5,16.4,9.6,7.3,7.1,8.6,10.3,7.9,10.3,11.4,12.2,10.1,10.8,17.2,19.6,
59006,Nitrogen Dioxide,2025-01-17,17.5,14.5,5.3,4.8,4.6,5,5.8,7.6,6.7,5.2,3.5,3.3,3.6,3.5,7.9,6.9,9.7,10,5.2,4,4.5,4.3,4,4.3,
59006,Nitrogen Dioxide,2025-01-18,4.3,4.4,4.8,4.9,4.7,5.3,4.7,4.7,6.8,7,7.1,7.5,7,5.8,1.9,2.1,2.2,2.1,1.7,1.6,1.4,1.2,1.1,1.2,
59006,Nitrogen Dioxide,2025-01-19,1.2,1.5,1.9,8.5,8.5,6.1,5.9,9.9,12.4,9.4,4.3,2,2,1.6,1.9,1.7,2.2,3.7,4.7,5.6,4.8,3.6,1.9,1.8,
59006,Nitrogen Dioxide,2025-01-20,1.9,1.8,2.5,9999,1.8,2.6,6.5,12,11.7,4.6,2,2.5,4.8,2.3,5.1,7.7,2.5,2.7,2.6,2.8,3.1,4.7,4.5,5,
59006,Nitrogen Dioxide,2025-01-21,5,3.8,3.3,3.1,2.8,2.6,3,4.2,3.5,2.3,2.1,1.9,1.6,1.9,2,2.6,3.7,5.5,7.8,7.1,5.9,5.8,5.4,4.5,
59006,Nitrogen Dioxide,2025-01-22,3.9,3.1,2.9,3.2,3.8,5,7,27,17.9,7,4.3,4.5,7.7,10.5,7.9,7.4,6.6,5.6,6.1,5.9,5.5,4.3,4.7,4.6,
59006,Nitrogen Dioxide,2025-01-23,4.5,5.3,7.3,9.9,11.7,8.9,8.1,8.1,7.4,7.2,6.7,7.9,8.8,10.1,10.4,11.5,13.1,17.1,21.4,23.7,16.7,10.6,9.2,10,
59006,Nitrogen Dioxide,2025-01-24,9.3,11.6,16,10.2,10.3,12.1,15.5,22.3,13.8,7.9,5.5,4.4,2.5,2.4,2.7,2.9,4.4,13.9,26.3,34,33.3,30.4,18.5,10.2,
59006,Nitrogen Dioxide,2025-01-25,4.3,3.7,3.8,5.9,6.7,6.6,9.4,16.1,16.9,11.8,7.9,6.6,6.1,8.2,9.8,11.1,12.5,12,10.3,9.6,9.2,9,9.3,9,
59006,Nitrogen Dioxide,2025-01-26,8.1,5.7,4.4,3.8,3.2,2.9,2.7,2.7,3,2.9,2.3,2,1.9,2,1.8,1.9,2.1,2.1,2.5,2.5,2.6,2.2,2.1,2.2,
59006,Nitrogen Dioxide,2025-01-27,2.5,4.1,2.8,9999,3.3,5.2,6.8,7.1,8,5.8,5.8,5.8,5.6,7.5,7.5,7.7,7.7,7.6,7.1,6.3,7.1,5.1,4.9,5.9,
59006,Nitrogen Dioxide,2025-01-28,6.3,1.9,1.8,1.5,1.9,1.6,1.8,3.1,3.6,2.4,1.9,1.7,1.7,2.1,2.7,5.4,7.7,10,9,7.5,7.9,6.6,6.3,5.9,
59006,Nitrogen Dioxide,2025-01-29,6.8,8.6,11.6,23.7,14.3,4.1,2.3,2.4,2.7,2.2,1.7,1.4,1.5,1.3,1.3,1.3,1.4,1.5,1.7,1.8,2,2.3,2.6,3.1,
59006,Nitrogen Dioxide,2025-01-30,6.6,2.9,3.3,4.6,4.3,6.2,23.7,35.9,31.6,25.1,5.5,4.6,4.9,7.5,5.7,3.8,5.1,7.8,8.7,13.5,35.2,36.3,41.1,32.5,
59006,Nitrogen Dioxide,2025-01-31,30.7,15.8,22.8,37.3,26.8,22.1,15.3,19.6,19.1,12.3,10.6,6.4,5.6,4.8,4.4,4.6,4.4,4.7,4,3.7,2.9,2.4,2.4,1.6,
59006,Nitrogen Dioxide,2025-02-01,1.5,1.6,1.5,1.7,1.8,2,1.8,1.9,1.6,1.2,1.2,1.1,1,1.1,1.1,1.3,1.8,4.7,6.8,10.9,13.2,25.6,32.4,26.4,
59006,Nitrogen Dioxide,2025-02-02,30.6,17.2,9.1,6.7,6.8,5.4,5.1,5,5.6,4.9,3.5,3.3,3.2,3.2,3.6,3.9,4.5,5.9,5.3,4.1,4.1,3.9,4,5.3,
59006,Nitrogen Dioxide,2025-02-03,4.6,7.6,9.3,9999,15.3,17.7,11.8,15.4,17.1,10.4,8.8,8.9,9.3,9.1,12.2,10.2,5.9,6,4.3,2.9,3,2.9,2.2,2.7,
59006,Nitrogen Dioxide,2025-02-04,2.2,2,2.2,2,2.4,2.2,2.4,2.8,3,2.8,2.3,1.7,1.5,1.4,1.6,1.5,1.5,2.7,3.9,3,2.6,3.3,3.2,4.4,
59006,Nitrogen Dioxide,2025-02-05,5,5,5.9,13.9,6.6,10.9,7.3,10.3,8.8,3.2,1.3,1.1,1.2,1.2,1.3,1.5,2.4,8.5,22.3,32.2,34.3,33.6,35.4,33.9,
59006,Nitrogen Dioxide,2025-02-06,30.8,6.6,5.4,4.5,4.3,5,5.7,7,5.9,6.9,6.4,8,8.5,8.1,9.9,10.2,7.9,5.8,7.2,9.7,9,4.3,4.1,4.7,
59006,Nitrogen Dioxide,2025-02-07,3.4,1.9,1.8,1.8,2,1.9,2.3,2.5,2.3,2.2,2.3,2.5,2.1,2,2.2,2.4,3,3.8,2.6,2.3,2.3,2.3,1.9,2,
59006,Nitrogen Dioxide,2025-02-08,1.9,2.6,2.5,3.6,6.7,10.2,24.4,31.7,28.2,17.8,15.9,5,3.7,2.8,3.1,3.1,3.4,4.8,5,5.4,4.3,3.6,3.7,3.2,
59006,Nitrogen Dioxide,2025-02-09,2.8,2.3,2.5,2.8,4,5.7,5.6,4.1,3.7,3,3.8,2.4,2.8,2.2,2.5,1.9,1.9,2,2.7,2.4,1.7,1.8,2.3,2.4,
59006,Nitrogen Dioxide,2025-02-10,2.6,2.2,2.1,9999,2.5,3.5,3.9,4.5,3.9,2.4,1.9,1.7,2.6,1.9,2.6,3.6,4.1,4,3.6,2.8,3.8,3.4,2.6,2.6,
59006,Nitrogen Dioxide,2025-02-11,2.4,2.2,2.6,4.5,5.4,5.6,4.1,4.2,3.1,2.8,2.5,2.1,1.7,1.8,1.9,1.9,2.7,3.2,5.6,4.5,6.5,4.3,3.3,2.6,
59006,Nitrogen Dioxide,2025-02-12,2.4,1.8,1.8,2,2.2,2.3,3,4.2,4.4,4.3,3.7,2,2.1,2.7,2.7,2.6,2.6,2.5,3.1,3,2.6,2.6,2.6,2.8,
59006,Nitrogen Dioxide,2025-02-13,3.1,3.9,5.1,6.7,6.6,7.2,8.4,10.2,10.5,6.1,4.4,3.6,2.9,1.9,1.6,1.5,1.7,2.2,2.4,2,2.3,2.5,2,2.6,
59006,Nitrogen Dioxide,2025-02-14,1.8,2.7,3.2,5.1,4.1,4.4,3.4,3.1,2.5,2.1,1.9,1.6,1.5,2,1.9,2.3,2.9,6.7,16.2,19.4,28,38,32.8,23.6,
59006,Nitrogen Dioxide,2025-02-15,21.4,22.2,27.6,27.9,22.1,8,5.7,6.2,5.1,4.8,4.4,4.2,4.3,4.3,4.6,4.7,3.8,3.9,3.2,3.4,3.3,3.3,3.1,3,
59006,Nitrogen Dioxide,2025-02-16,3.4,3.4,3.4,3.1,3.5,3.2,3.4,6.3,3,3,2.9,2.5,2.3,2.3,2.3,2.3,2.2,2.2,2,1.9,2,1.6,1.5,1.3,
59006,Nitrogen Dioxide,2025-02-17,1.1,1.2,1.3,9999,1.1,1.2,1.6,1.5,1.4,1.3,1.7,1.9,1.5,1.2,1.2,1.3,1.4,1.5,2.4,2.3,1.3,1.3,1.7,1.3,
59006,Nitrogen Dioxide,2025-02-18,2,1.3,1.5,2.1,2.8,2.5,3.9,5.1,3.2,2.3,1.8,1.5,1.2,1,1.1,1.7,1.9,1.8,1.7,3.5,5.6,6.1,11.2,13.6,
59006,Nitrogen Dioxide,2025-02-19,9.1,13.1,21.2,20.7,11.1,10.1,7.3,4.9,3.3,1.5,1,1,1.3,1.5,1.4,1.6,2,2.7,3.8,4,4.7,6.5,4.1,4.7,
59006,Nitrogen Dioxide,2025-02-20,4.3,6.2,7.3,7.2,8.2,8.9,8.2,5.4,2.7,1.5,1.5,1.1,1.2,1,1.4,1.6,1.9,2.4,2.4,2.2,2.1,1.9,1.7,1.6,
59006,Nitrogen Dioxide,2025-02-21,1.5,1.5,1.5,1.8,1.8,2.1,1.9,1.8,1.8,1.6,1.4,1.4,1.2,1.1,1.2,1.4,1.5,2.8,3.6,3.2,3.7,4.2,5.6,19.3,
59006,Nitrogen Dioxide,2025-02-22,19.8,18.8,27.8,37.4,33,40.9,45.6,43.3,13.7,7.5,7,6.7,7.9,7.3,6.4,7.6,8.4,9.1,8.4,8.1,6.2,5.5,5.9,6.2,
59006,Nitrogen Dioxide,2025-02-23,5.5,4.7,4.6,4.9,5,5.4,5.5,5.5,5,4.6,4.1,3.9,3.9,3.8,3.8,3.8,4.9,9,9,13.4,13.9,12.2,11.9,9.7,
59006,Nitrogen Dioxide,2025-02-24,11,9.2,10,9999,6.5,7.1,9.4,11.2,8.9,7.7,7.6,7.3,6.8,6.3,7.3,8.4,9.8,9.2,12.2,13.3,11.5,10.2,8.8,8.9,
59006,Nitrogen Dioxide,2025-02-25,9.5,7.4,7.9,6.6,8.3,15.7,15.6,28.3,28,-999,-999,-999,21.3,17.4,8.3,6.8,5.7,8.5,10,6.9,5.5,4.7,4.1,3,
59006,Nitrogen Dioxide,2025-02-26,2.7,2.8,3,3.2,3.3,3.7,5.6,5.9,4.7,3.4,2.7,2.6,2.4,2.4,2.6,3.1,3.2,5.6,12.7,15.6,14.7,22.6,29,32,
59006,Nitrogen Dioxide,2025-02-27,29.9,25.4,18.5,13.6,10.3,8.4,8.1,6.8,6,5.7,5.1,4.6,3.7,3.4,3.5,3.3,3.8,4.7,3.3,2.9,2.9,2.4,2,2,
59006,Nitrogen Dioxide,2025-02-28,1.7,1.5,1.5,1.5,2,2.3,4,4,2.2,2.1,3.5,4,3.6,3.7,3.3,3.4,3.4,3.9,4.5,5.8,7.2,5.5,5.6,5.6,
59006,Nitrogen Dioxide,2025-03-01,5.4,7.3,6,3.4,2.1,1.7,1.6,1.4,1.4,1.4,1.4,1.2,1.1,1,1,1.1,1,1.3,1.7,1.9,2,1.9,2.4,2.4,
59006,Nitrogen Dioxide,2025-03-02,2.2,1.8,1.8,2.4,2.4,2.5,3.1,3.5,2.2,1.3,1.2,1.1,1.2,1.2,1.3,1.2,1.5,2.4,5,12.2,13.5,10.4,21.1,10.1,
59006,Nitrogen Dioxide,2025-03-03,16.2,18.2,25.7,9999,33.1,36.7,38.9,36.7,30.1,26.7,15.9,8.8,7.7,5.7,4.9,5.4,6.4,7.1,7,7.6,10.7,9.7,9,8.2,
59006,Nitrogen Dioxide,2025-03-04,8.8,8.4,8.8,14.3,15,11.1,10.8,9.8,8.1,7.7,7.8,7.7,9.5,7.5,11,16.5,21.2,23.3,21.4,25.9,23.9,12.5,9.5,9.6,
59006,Nitrogen Dioxide,2025-03-05,11.8,6.6,5.2,5.4,5.9,6.5,6.5,11.3,9.8,9.7,8.3,10.3,7.6,7.4,6.9,7.3,9,11,18.6,12.3,22.2,21.6,18.6,16.3,
59006,Nitrogen Dioxide,2025-03-06,7.4,6.5,5.1,4.8,4.9,5.1,6.2,5.8,2.8,2.5,2.2,2,1.7,1.5,1.3,1.3,1.2,1.3,1.3,1.2,1.2,1.1,1.1,1,
59006,Nitrogen Dioxide,2025-03-07,1.2,1.2,1.3,1.5,2,2.1,2.2,2,1.4,1.1,1.4,1.1,0.9,1.1,1,1.3,1.3,1.6,2.5,6,3.1,2.2,1.5,1.9,
59006,Nitrogen Dioxide,2025-03-08,2.1,1.4,1.3,1.2,1.2,1.4,1.4,1.2,1.1,1,1.1,1,1.2,1,1.1,1,1,1.2,1.3,1.6,2.1,2.7,1.8,2,
59006,Nitrogen Dioxide,2025-03-09,3.3,5.2,-999,-999,5.3,5.5,5.3,5,3.3,2.3,1.8,1.5,1.4,1.3,1.2,1.4,1.9,3.8,5.3,6.4,5.4,5.9,5.7,5.3,
59006,Nitrogen Dioxide,2025-03-10,4.3,2.7,2.4,9999,2.2,2.7,8.9,9,3.3,2.4,2.2,1.9,1.8,4,6.5,4.3,4.6,5.8,7.6,5.5,5.2,13,17.5,17.5,
59006,Nitrogen Dioxide,2025-03-11,14.4,5.5,9.7,13.7,6.1,6.8,8.5,8.7,8.7,7.1,4.2,2.4,2.1,1.7,1.6,1.4,1.4,1.3,1.2,1.2,1.6,1.3,1.6,1.8,
59006,Nitrogen Dioxide,2025-03-12,2.2,4,4.2,8.4,13,15,22.9,13.9,6.8,2.8,2.7,2.8,3.5,2.6,3.1,2.4,2.7,3.6,3.7,6.9,9.5,9.1,5.4,4.5,
59006,Nitrogen Dioxide,2025-03-13,5.3,5.3,6.8,3.8,3.6,4.2,5.4,6,4.2,3.8,3.1,3.4,3.4,3.4,3.9,4.5,4.5,5.3,12.3,14.3,16.8,20.3,15.9,20.3,
59006,Nitrogen Dioxide,2025-03-14,16.5,21.3,21.8,19.4,23.4,27,33.2,34.2,28.3,9999,6.1,3.5,3.7,3.7,3.9,4,4.1,5.6,6.7,6.7,6.6,5.8,5.7,5.6,
59006,Nitrogen Dioxide,2025-03-15,5.8,6.3,6,6.6,7.8,14.6,14,13.5,11.5,8.7,7.8,7.1,8.1,6.1,4,3.5,4.5,4.4,4.4,4.8,6.9,8.6,8.6,6.1,
59006,Nitrogen Dioxide,2025-03-16,5.7,2.9,3.9,3.8,4.6,9.7,9.1,3.9,3.3,3.5,3.1,3.1,2.9,2.4,2.8,2.3,2.5,3.4,1.6,1.2,1.1,1,0.8,0.8,
59006,Nitrogen Dioxide,2025-03-17,0.6,0.6,0.7,9999,0.7,1.1,0.9,1.1,0.8,0.8,0.8,0.7,0.6,0.8,0.7,0.8,0.7,1.3,1.7,2.6,2.4,2.8,4.9,14.3,
59006,Nitrogen Dioxide,2025-03-18,17,15.3,20.9,17.2,8.8,6.7,4.3,4,4.5,3.4,2.7,2.9,3.2,3.5,4.2,3.8,4,4.5,6.6,5.3,6.4,14.2,17.6,14.2,
59006,Nitrogen Dioxide,2025-03-19,9.6,6.2,5.8,6.3,6,10.8,14,12.8,14.3,10.4,5,3.9,4.1,3.5,4.5,3.8,3.1,4.6,9.4,11.9,9.6,10.6,12.3,8.6,
59006,Nitrogen Dioxide,2025-03-20,5.7,8,11.4,9.6,7.5,4.2,4.4,5.4,5.2,3.9,3.8,3.8,4,4.5,5.8,4.3,5.8,3.5,1.2,0.9,0.8,0.7,0.6,0.5,
59006,Nitrogen Dioxide,2025-03-21,0.6,0.6,0.7,0.8,1.2,2.1,4.8,2.4,1.5,1.1,1.1,2.3,1.5,3.9,6.5,4.9,5.1,4.9,3.1,3.2,3.6,6.1,4.6,2.9,
59006,Nitrogen Dioxide,2025-03-22,3.4,4.3,4.2,3.9,4,5,4.6,4.8,6,4.4,1.4,1.1,0.8,0.9,0.7,0.7,0.7,0.7,1.2,0.9,0.8,0.7,0.9,1.2,
59006,Nitrogen Dioxide,2025-03-23,1.8,4.6,2.7,3.5,5.4,10.2,6.3,2.6,0.9,0.9,1.4,1.1,1.4,1,0.8,1,1.3,2.1,2.4,2.1,2,1.8,2,1.8,
59006,Nitrogen Dioxide,2025-03-24,1.8,2.2,2.2,9999,4.3,4.7,7.1,10.2,9.2,7,4.5,5.1,4.9,4.2,5.5,5.2,4.1,7.1,4.3,2.3,2.4,2.5,1.9,1.6,
59006,Nitrogen Dioxide,2025-03-25,1.4,1.4,1.3,1.3,1.6,1.8,2.5,2.3,1.8,1.2,1.2,1.4,1.1,1.1,1.5,1.1,1.4,1.7,2,1.8,1.6,1.2,1,1,
59006,Nitrogen Dioxide,2025-03-26,1.1,3.2,2.9,3.1,6.7,6.1,5.4,2.3,1.5,1.4,0.8,0.9,0.9,0.9,1,0.8,0.7,0.8,1.1,1.1,1,1.4,1.1,1.4,
59006,Nitrogen Dioxide,2025-03-27,1.8,2,2.3,2.6,4.9,7.6,11,10,1.6,1.9,2.5,3.6,6.8,6.3,9.5,7.3,5.9,5.2,5.8,4.3,4,2.1,1.8,1.5,
59006,Nitrogen Dioxide,2025-03-28,1.1,1.7,2.3,4.4,3.2,3.2,3.8,3.8,3.3,2.4,3.1,2.9,3.1,2.5,2.6,3,3.2,2.9,2.9,2.1,1.7,1.6,1.2,1.4,
59006,Nitrogen Dioxide,2025-03-29,1.5,1.5,2,2.1,1.9,1.7,2,1.6,1.9,1.9,1.6,1.9,1.8,1.8,1.8,1.8,2.1,2.1,2.4,-999,-999,-999,-999,-999,
59006,Nitrogen Dioxide,2025-03-29,-999,-999,-999,-999,-999,-999,-999,-999,-999,-999,-999,-999,-999,-999,-999,-999,-999,-999,-999,-999,-999,-999,-999,-999,
59006,Nitrogen Dioxide,2025-03-29,-999,-999,-999,-999,-999,-999,-999,-999,-999,-999,-999,-999,-999,-999,1.5,1.5,1.6,1.5,1.5,1.4,1.4,1.5,1.1,1,
59006,Nitrogen Dioxide,2025-04-01,0.9,1.1,0.9,1,1,1.7,2.3,1.5,-999,-999,-999,1,0.9,0.9,0.9,0.9,0.8,0.9,3.1,5.1,4.5,3.4,3.6,1.7,
59006,Nitrogen Dioxide,2025-04-02,1.5,1.5,1.5,1.7,1.6,2.3,2.6,2.4,2.3,2.7,2.2,2.7,2.9,2.6,2.8,3.1,3.3,3.8,2.9,3.2,3.1,3.6,3.9,4,
59006,Nitrogen Dioxide,2025-04-03,4.6,4.5,4.8,4.8,4.5,11.9,13.2,5.5,4.4,5.3,5.9,4.1,1.7,2.3,2.1,2.4,2.2,2.3,1.9,1.6,1.5,1.3,1.2,1.1,
59006,Nitrogen Dioxide,2025-04-04,1.3,1.2,1.1,1.4,1.7,2.4,2,1.6,1,1.2,1,1,1.2,0.8,1.1,1.9,1.2,1.4,3.7,6.6,8.2,8,7.2,4.6,
59006,Nitrogen Dioxide,2025-04-05,7,2.9,3.1,3.2,2.5,2.9,3.6,3.4,3.2,-999,-999,3.7,3.6,3.8,4,3.3,3.1,2.9,2.2,1.2,1.2,1,1,1.1,
59006,Nitrogen Dioxide,2025-04-06,1.2,0.9,0.8,0.9,0.8,1,1,0.9,1,1,0.8,0.7,0.7,0.6,0.6,0.6,0.8,1.1,1.7,1.3,1,1.2,1,1.6,
59006,Nitrogen Dioxide,2025-04-07,1.9,3,3.6,9999,13.5,22.9,23.1,15.6,5.8,2.1,1.9,1.8,1.6,1.5,2.2,3.9,3.7,3.5,2.5,2.4,1.1,0.6,0.6,0.5,
59006,Nitrogen Dioxide,2025-04-08,0.6,0.6,0.5,0.6,0.7,0.8,0.8,1,0.9,1.3,1,0.8,0.7,0.8,0.9,0.8,0.9,0.8,0.8,1,1,1.2,1.9,2.2,
59006,Nitrogen Dioxide,2025-04-09,2.3,2.3,1.9,4.1,7.8,17.3,15,4.2,1.6,1.1,1,1.2,1.2,1.1,1.4,3.3,2.5,4,6.5,5.8,4.6,6.9,10.3,11,
59006,Nitrogen Dioxide,2025-04-10,8.5,15.6,22.1,18.4,13.7,14.4,12.7,9.5,8.4,7.2,3.4,2.4,2.3,2.4,2.6,2.6,2.9,3,3,2.5,2.3,2.4,2,1.8,
59006,Nitrogen Dioxide,2025-04-11,1.7,1.9,1.9,2.1,2.1,2.8,4.1,3.6,3,3,2.6,3,3.3,3,2.8,3.4,3.3,3,3.1,3.5,2.5,2.6,2.6,2.1,
59006,Nitrogen Dioxide,2025-04-12,2,2.7,2.8,2.6,2,2.3,2.7,2.3,2.3,2.3,2.1,1.7,1.5,1.6,1.5,1.3,1.5,1.9,4,12.8,15.4,12.7,5.1,5.2,
59006,Nitrogen Dioxide,2025-04-13,4.9,4.6,3.4,3,2.8,3.2,3,1.5,1.3,1,0.9,1.1,1,0.9,1,0.9,0.9,2.3,4.5,4.9,3.9,7.2,10.7,7.8,
59006,Nitrogen Dioxide,2025-04-14,8.3,16.4,16.9,9999,18.6,19.9,15.8,16.3,13.5,5.3,2.8,2.4,2.3,3,2.8,3.4,2.8,3.7,4.5,5.8,8.4,8.6,4.6,2.4,
59006,Nitrogen Dioxide,2025-04-15,1.5,2,1.8,1.3,1.6,2.7,5.1,3.8,1.8,1.7,1.6,1.5,1.4,1.2,1.3,0.9,0.8,0.8,0.8,0.9,0.7,0.7,0.5,0.6,
59006,Nitrogen Dioxide,2025-04-16,0.5,0.6,0.6,0.6,0.6,0.7,0.8,1.1,1,0.6,0.8,0.8,0.8,0.8,0.8,0.9,0.7,0.8,0.8,1.2,1.2,1.2,1.2,1.9,
59006,Nitrogen Dioxide,2025-04-17,1.7,1.9,2.3,3,3.5,5.2,3.8,2.1,1,0.8,0.7,0.7,0.6,0.7,1.2,1,1.1,1.1,7,9.1,7.9,13.9,17.8,20.2,
59006,Nitrogen Dioxide,2025-04-18,18.2,9.2,9.3,25.2,22.1,14.7,15,14.6,7.2,4,4,5.3,7.7,7.4,4.3,3.6,3.3,-999,-999,-999,10.1,7.6,3.6,4.6,
59006,Nitrogen Dioxide,2025-04-19,4.5,7.5,5.2,7.1,6.1,4,4.4,3.9,5.5,4,2.4,1.9,1.8,1.7,1.6,1.6,1.4,1,1,0.7,0.8,0.7,0.5,0.7,
59006,Nitrogen Dioxide,2025-04-20,0.7,0.6,0.7,0.5,0.6,0.7,0.8,0.6,0.5,0.6,0.7,0.5,0.5,0.5,0.5,0.5,0.6,0.9,2,3.6,4.1,3.4,5.3,6.4,
59006,Nitrogen Dioxide,2025-04-21,4.2,2.5,2.4,9999,2.7,3.3,2.4,2.3,2.1,2.2,3.2,3,3,3.5,3.2,3.5,3,2.9,3.6,6.9,7.2,2.5,2,1.9,
59006,Nitrogen Dioxide,2025-04-22,1.6,1.2,1.1,0.8,0.8,1.1,1.6,1.7,1.2,1.3,1.2,1.2,1.2,1.5,1.2,1,0.9,0.7,0.8,1.2,1.2,1.5,1.6,2.1,
59006,Nitrogen Dioxide,2025-04-23,2.7,3.3,3.3,3.8,4.7,4.2,12.5,12.7,7.4,4.4,2.5,1.6,1.4,1.2,1.4,1.4,1.5,1.6,3.5,4.1,8.1,6.9,6.9,7.9,
59006,Nitrogen Dioxide,2025-04-24,7.5,3.3,3.6,3.5,3.3,4.7,5.9,6.1,6.3,4.3,3.9,5.4,3.3,3.3,3.1,2.7,2.6,2.5,2.6,4.6,5.3,2.9,2.9,2.5,
59006,Nitrogen Dioxide,2025-04-25,1.7,3.3,4.4,4.4,2.3,2.1,2.3,1.8,1.8,1.9,2.1,2.6,1.9,2.3,2.2,1.9,2,2.6,2.7,3.5,3.5,2.1,1.7,2.2,
59006,Nitrogen Dioxide,2025-04-26,2.3,2.7,2.9,2.8,3.1,4.6,3,2.2,1.4,1,1.1,0.9,1,0.9,0.8,0.7,0.7,0.5,0.5,0.5,0.4,0.4,0.4,0.4,
59006,Nitrogen Dioxide,2025-04-27,0.4,0.5,0.4,0.5,0.5,0.6,0.9,1.4,1.2,1.2,0.6,0.7,0.7,0.7,0.6,0.6,0.7,0.6,0.7,0.9,0.9,1,0.8,2.6,
59006,Nitrogen Dioxide,2025-04-28,2.7,1.9,3.4,9999,8.9,10.3,15.5,12,7.8,3.4,2.4,2.5,2.9,2.9,2.8,2.1,2.8,2.8,3,4.4,4.8,7.7,11.8,6.5,
59006,Nitrogen Dioxide,2025-04-29,4.3,4,2.8,3.4,4.1,6.3,7.8,4.4,4.8,5.2,5.1,4.6,4.1,4.2,4.2,3.5,4.1,2.4,0.9,0.7,0.5,0.3,0.3,0.3,
59006,Nitrogen Dioxide,2025-04-30,0.3,0.2,0.3,0.3,0.5,1,1,0.9,0.8,0.7,1,1,0.8,1.1,1.2,1.5,1.2,1.2,1.5,4.1,5,8.2,9.3,8.1,
59006,Nitrogen Dioxide,2025-05-01,8.2,5.4,6.4,8.5,9.1,11.6,8.9,3.5,2.3,2.1,2.8,3.1,3.3,4.2,4.2,3.3,3,2.1,2.4,1.8,1.6,2.1,2.2,3.1,
59006,Nitrogen Dioxide,2025-05-02,3.3,2.2,1.8,2.2,2.6,2.4,3,3.2,2.6,2,1.8,1.8,1.7,1.7,1.8,1.9,1.8,1.5,1.3,1.2,1,0.8,0.8,0.6,
59006,Nitrogen Dioxide,2025-05-03,0.8,0.7,0.7,0.7,1.3,1.2,1.5,1.1,1.1,1,0.8,0.9,1,0.9,1,1.4,1.1,0.8,1.7,2.7,3.5,4.2,4.2,3,
59006,Nitrogen Dioxide,2025-05-04,3.6,3.2,3.9,3.4,1.6,1.9,2.1,1.4,0.8,0.8,0.8,0.8,0.7,0.8,0.7,0.7,1,1.4,2.2,2.4,2,2.1,1.8,0.9,
59006,Nitrogen Dioxide,2025-05-05,0.9,1,0.6,9999,1,1.3,1.8,2.1,1.6,2.1,1.4,1.3,1.9,1.6,1.9,1.7,1.7,1.6,1.4,1.4,1.8,1.7,1.6,1.6,
59006,Nitrogen Dioxide,2025-05-06,1.4,1.2,1,1,1.1,1.7,2.1,2.5,2.9,2.5,3.1,3.4,3.3,2.8,3.2,1.7,1.4,1.6,1.9,3.2,3.2,2.4,1.9,1.9,
59006,Nitrogen Dioxide,2025-05-07,1.1,0.9,0.8,0.8,1.4,0.9,1.2,1.5,1.3,1,1.1,1.1,1.1,1.6,1.2,1.1,1.3,1,0.8,0.7,0.6,0.5,0.3,0.2,
59006,Nitrogen Dioxide,2025-05-08,0.3,0.2,0.2,0.2,0.3,0.6,0.9,1,0.8,0.8,0.6,0.8,0.7,0.7,1.2,1,0.7,0.7,0.9,2.4,2.6,3.6,3.2,2.9,
59006,Nitrogen Dioxide,2025-05-09,2.7,2.4,2.6,3.3,3,3.5,3.3,1.9,1,1.2,1,0.8,0.7,0.8,0.8,0.7,0.8,2.5,0.8,1,0.8,1.1,0.9,1.3,
59006,Nitrogen Dioxide,2025-05-10,0.9,1,1,1.1,1.2,1.3,1.1,0.9,1.1,1.1,1.3,1.1,1.1,1,1.2,1.1,1,1.2,1.5,1.5,1.6,1.5,0.4,0.7,
59006,Nitrogen Dioxide,2025-05-11,0.4,0.4,0.4,0.6,0.7,1,0.7,0.6,0.6,0.5,0.5,0.6,0.7,0.8,0.7,0.8,1.4,1.7,2,1.9,2.8,4.4,4.4,5.4,
59006,Nitrogen Dioxide,2025-05-12,6.7,9,10.2,9999,13.6,10.4,8.8,6,4.2,3,2.9,1.5,1.9,1.9,2.9,2.8,4.1,3.7,5.3,8.8,8.7,10.3,10.6,9.4,
59006,Nitrogen Dioxide,2025-05-13,9.5,3.4,6,5.1,3,4.8,5.4,4.2,4.7,4.5,3.5,2.9,2.1,2.1,2.1,2.2,2,2.5,1.9,2.2,2.3,2.4,2.3,2.4,
59006,Nitrogen Dioxide,2025-05-14,2,2.8,2.5,2,2.1,2.2,2,2.3,2.4,2.4,2.2,2.1,2.1,1.9,2,1.8,2,1.9,1.8,1.8,1.5,1.6,2,2.3,
59006,Nitrogen Dioxide,2025-05-15,1.9,1.8,2.3,2,2.1,2.7,3.1,3.5,3.4,4.1,3.1,1.9,2.3,2.8,1.8,2.1,2.4,2,2.2,4.4,5.3,10.1,6.3,4.4,
59006,Nitrogen Dioxide,2025-05-16,4.3,3.8,3.7,2.7,2.3,3.8,3.6,2.6,3.6,3,3.8,2.7,2.3,3,3.7,4.6,5.6,5.3,5,4.6,4.6,6.3,6.6,5,
59006,Nitrogen Dioxide,2025-05-17,5,6,6.4,3.3,2.6,2.9,2.8,2.9,2.6,3.2,3.4,3.1,3.4,2.5,1.7,1.4,1.2,1.2,1.1,1.3,1.4,1.2,1.1,0.9,
59006,Nitrogen Dioxide,2025-05-18,0.9,0.8,0.7,0.6,0.7,0.6,0.7,0.6,0.7,0.5,0.5,0.5,0.5,0.6,0.5,0.6,0.6,0.5,0.5,0.7,1.1,0.7,0.9,1,
59006,Nitrogen Dioxide,2025-05-19,1.7,0.5,0.3,9999,0.3,0.4,0.6,0.4,0.4,0.4,0.4,0.4,0.4,0.5,0.5,0.4,0.4,0.5,0.7,1,0.7,1.1,0.3,0.4,
59006,Nitrogen Dioxide,2025-05-20,0.5,0.8,0.8,0.7,0.5,0.7,1.2,1.4,0.8,0.7,0.7,0.9,0.6,0.8,0.7,0.8,0.9,1.6,1.6,2.1,3,2.8,3.6,3.8,
59006,Nitrogen Dioxide,2025-05-21,2.2,1.9,2.5,1.6,1.4,1.6,2,2.1,1.7,1.4,2,2,2.1,2.5,2.4,2.7,2.6,2.2,2,1.6,1.4,1.4,1.2,1,
59006,Nitrogen Dioxide,2025-05-22,0.9,1,1,1.1,1.2,1.4,1.7,1.6,1.7,1.8,1.6,1.7,1.6,1.7,2,1.9,2,2,2.2,1.8,1.8,1.6,1.4,1.2,
59006,Nitrogen Dioxide,2025-05-23,1.1,1.2,1.3,1.4,1.4,2.1,2,1.7,1.7,1.7,2,1.6,1.3,1.1,0.8,1.3,1.2,0.9,1,0.9,0.7,0.8,0.8,0.7,
59006,Nitrogen Dioxide,2025-05-24,0.7,0.7,0.9,0.5,0.5,0.5,0.6,0.6,0.7,0.7,0.5,0.5,0.9,0.4,0.7,0.5,0.5,0.6,0.8,0.4,0.5,0.5,0.5,0.5,
59006,Nitrogen Dioxide,2025-05-25,0.5,0.6,0.7,0.5,0.6,0.8,0.6,0.6,0.6,0.5,0.6,0.7,0.5,0.5,0.5,0.5,0.7,0.6,0.7,1.2,0.8,0.9,0.5,0.5,
59006,Nitrogen Dioxide,2025-05-26,0.6,0.6,0.6,9999,0.9,0.9,0.8,1.1,1.1,1,1,0.9,1.2,0.7,1,0.8,1.4,1,1.2,5,5.6,4.2,3.3,3.8,
59006,Nitrogen Dioxide,2025-05-27,2.6,2.3,3,3.1,3.6,5.7,4.4,3.3,5,2.4,1.8,1.2,1.2,1.9,1.4,1.4,1.8,3.1,2.8,2.9,6.1,6.4,4,3.2,
59006,Nitrogen Dioxide,2025-05-28,2.3,2.5,2.8,2.4,2.4,3.6,6,4.7,4.3,2.4,2.3,2.1,1.7,1.9,1.9,1.6,1.7,1.8,1.7,1.3,1.5,1.2,1.1,1.1,
59006,Nitrogen Dioxide,2025-05-29,1.4,1.2,1,1,1.3,1.3,2.1,2.3,2.5,3.4,3.9,4.5,3.7,5.4,5.9,5.7,4.3,4.5,5.5,4.6,4.7,4.3,3.3,1.5,
59006,Nitrogen Dioxide,2025-05-30,1,1,0.8,1.5,3,3.8,3,2.2,1.5,1.5,1.3,1.4,1.1,2.2,1.4,1.4,1.1,2.1,1.6,2.4,1.5,1.2,1.1,0.9,
59006,Nitrogen Dioxide,2025-05-31,0.7,0.6,0.3,0.3,0.3,0.4,0.4,0.4,0.3,0.5,0.5,0.6,0.5,0.5,0.4,0.4,0.4,0.4,0.3,0.2,0.3,0.3,0.3,0.2,
59006,Nitrogen Dioxide,2025-06-01,0.2,0.3,0.4,0.5,0.4,0.5,0.4,0.5,0.5,0.4,0.4,0.4,1,0.7,0.7,0.6,0.7,0.7,0.7,1,1.9,2.8,3.5,3.3,
59006,Nitrogen Dioxide,2025-06-02,5.1,2.1,1.6,9999,1.7,1.9,1.5,1.7,1.8,1.3,1.4,1.2,1.1,1.3,1.1,1,1,0.9,1.9,4.5,9.5,9.6,8.8,7.4,
59006,Nitrogen Dioxide,2025-06-03,6.2,7.4,7.8,8,7.1,10.3,15,11.8,10,7.9,6.1,5.2,6.2,5.6,3.5,3.8,3.4,3.9,3.4,4.9,6.7,9.1,5.8,4.8,
59006,Nitrogen Dioxide,2025-06-04,4.3,5.2,4.3,3.6,4,6.4,6.4,6.7,4.7,5,5.7,5.3,5.2,4.4,3.7,3.5,3.9,4,2.4,1.9,2.2,2.3,1.6,1.4,
59006,Nitrogen Dioxide,2025-06-05,1.3,0.9,0.9,0.9,0.8,1.3,1.5,1.9,1.4,1.2,1.5,1.5,1.5,1.5,1.6,2,1.7,1.8,1.9,3.2,3.3,4.3,4.5,4.1,
59006,Nitrogen Dioxide,2025-06-06,2.8,2,1.5,1.1,1.5,2.8,3.9,3,2.2,1.6,1.7,1.5,1.8,1.9,1.4,1.6,1.4,1.2,1.7,3.5,4.5,6.7,5.3,4.8,
59006,Nitrogen Dioxide,2025-06-07,2.7,0.8,0.7,0.7,0.9,1.3,1.3,1.4,1.7,1.4,1.5,1.4,1.2,1.6,1.3,1.3,1.1,1.4,1.5,2.4,2.2,1.6,2.6,5.9,
59006,Nitrogen Dioxide,2025-06-08,3.2,1.2,0.9,1.2,2,2,1.3,0.9,1.1,1.2,1.3,1.2,1.3,1.5,1.7,1.7,1.7,1.4,1.4,1.7,2.2,3.4,3.2,2.5,
59006,Nitrogen Dioxide,2025-06-09,2.9,2.7,1.8,9999,1.6,1.7,2.3,2.4,2.1,3.1,3,3.4,3.6,3.9,3.6,2.7,2.2,2,2,2,1.8,1.6,1.3,1.2,
59006,Nitrogen Dioxide,2025-06-10,1.6,1.6,2.6,2.2,3.2,3.9,3.8,2.5,2.1,2.4,2.2,2,4.8,3.9,3.4,2.3,2.1,2,3.5,2.8,3,2.6,2.5,2.6,
59006,Nitrogen Dioxide,2025-06-11,2.8,2.3,2.4,2.3,3.2,3.7,3.2,2.6,1.6,1.7,1.8,1.8,1.9,3,4.9,4.8,4.9,5,5.2,6.3,5.7,4.5,2.5,1.4,
59006,Nitrogen Dioxide,2025-06-12,1.2,1.2,1,1,1,1.2,1.3,1.4,1.2,1,1,1.1,1.3,1.8,1.3,1.2,0.9,0.9,0.9,1,1.2,0.8,0.9,0.8,
59006,Nitrogen Dioxide,2025-06-13,0.5,0.5,0.4,0.4,0.5,0.6,0.8,1.2,1.1,0.9,1.4,1.1,1.1,1.2,1.2,0.9,0.7,0.7,1,1.5,1.6,2.3,2.3,1.6,
59006,Nitrogen Dioxide,2025-06-14,1.6,1.3,1.5,1,1,1.1,0.9,1,0.8,0.6,0.7,0.5,0.5,0.6,0.5,0.6,0.6,0.8,0.8,1.6,2.2,3.1,3.5,4.4,
59006,Nitrogen Dioxide,2025-06-15,3.9,2.5,1.7,1.4,1.5,1.9,1.4,1.6,1.3,1.3,1.1,0.8,1,0.9,0.8,0.7,0.9,0.8,1.8,2.9,3.6,5.4,6.3,7.4,
59006,Nitrogen Dioxide,2025-06-16,7.5,7,4.8,9999,4.1,3.6,4.2,3.5,3.1,2.4,1.5,1.6,1.8,1.6,1.3,1.7,1.4,1.3,1.5,1.8,2.8,3.1,3.7,3.5,
59006,Nitrogen Dioxide,2025-06-17,3.4,1.9,1.7,1.7,1.8,2.7,2.4,2.8,2.9,3.8,2,2.2,2.2,2.8,2.3,2.4,2,2.3,2.4,2.1,2.7,2.6,2.6,2.4,
59006,Nitrogen Dioxide,2025-06-18,3.7,4.3,2.7,3.6,3.3,3.9,5,2.8,2.4,2.1,2,1.7,1.2,1.3,1.4,1.7,1.6,1.7,1.8,2.8,3.2,3.9,5.2,4.3,
59006,Nitrogen Dioxide,2025-06-19,4.5,2.2,2,1.8,1.8,2.3,3.4,3.2,2.6,2.4,3.2,3.7,3.4,3.1,2.9,2.3,1,0.8,0.5,0.5,0.7,0.4,0.4,0.6,
59006,Nitrogen Dioxide,2025-06-20,0.6,0.4,0.4,0.4,0.5,0.5,0.8,0.7,0.9,1,0.9,1.1,1,1.2,1.3,1.2,1.2,1,1,2.1,4.3,4.9,4.8,2.8,
59006,Nitrogen Dioxide,2025-06-21,2.9,3.5,6.1,8.1,4.1,3.4,4.4,5.3,1.9,1.8,2,2.1,2.4,2.2,2.5,2.7,2.7,3.7,3.4,3.5,3.9,3.3,2.6,2.9,
59006,Nitrogen Dioxide,2025-06-22,4,4.5,4.2,2.8,2.5,2.8,2.2,2,1.8,1.8,1.9,1.6,1.6,1.5,1.4,1.4,1.3,1.5,1.4,2.8,3.6,4.8,3.7,4,
59006,Nitrogen Dioxide,2025-06-23,4.6,3,3.9,9999,5.7,5.5,7.6,5.8,3.2,2.4,3,3.6,4.6,3.9,3.3,3.5,3.2,3,2.5,4.8,6,5.5,3.5,4.7,
59006,Nitrogen Dioxide,2025-06-24,4.1,2.6,2.2,2.1,2.2,2.8,2.5,2.6,2.3,3.7,2.3,2,1.9,1.8,1.7,1.5,1.2,0.9,0.9,1.1,0.9,1.4,1.1,0.7,
59006,Nitrogen Dioxide,2025-06-25,0.6,0.5,0.5,0.6,0.7,1,1.3,1.3,1.4,1.5,1.3,1,1.3,1.2,1,0.9,0.8,0.8,0.9,1.4,1.3,1.4,0.9,0.7,
59006,Nitrogen Dioxide,2025-06-26,0.7,0.5,0.6,0.6,0.6,1,1.2,1.7,2.1,2.1,2.3,1.5,1.8,1.7,1.4,1.4,1.5,1.2,1.5,2.1,1.7,1.2,1.5,1.5,
59006,Nitrogen Dioxide,2025-06-27,1.5,1.9,1.9,2.1,2.1,2.7,2.6,2.7,2.1,1.8,1.9,1.8,1.8,2,2.1,2,2,1.9,1.9,2.4,2.9,3,3.9,3.1,
59006,Nitrogen Dioxide,2025-06-28,2.9,3.1,3.9,3.1,3.5,4.2,4.6,4,2.2,1.2,1.1,1.1,1.1,1.1,1.1,1,1,1,0.9,0.7,1,1.3,1.2,1.2,
59006,Nitrogen Dioxide,2025-06-29,1.1,1.1,1.1,1.3,1.4,1.3,1.2,1,0.8,0.9,0.8,0.9,1,1.3,1.1,1.3,1.2,2.1,2.7,2.8,3.4,4.4,3.8,2.1,
59006,Nitrogen Dioxide,2025-06-30,2,2.5,3.4,9999,4.6,5.2,6.1,3.6,2.2,2,2.1,2,1.9,2.4,2.5,4,2.9,3.3,1.9,1.8,3.1,2.7,2.3,2.1,
59006,Nitrogen Dioxide,2025-07-01,3.1,1.9,2.1,1.5,2.7,2.2,2,1.6,1.3,1.3,1.3,1.4,1.3,1.2,1.1,1.2,1.1,1.2,1.3,1.2,1.1,1.3,1,1.1,
59006,Nitrogen Dioxide,2025-07-02,1.9,0.9,0.9,1,1.2,1.6,1.1,1.3,1.2,1.3,1.4,1.2,1.3,1.3,2.3,4.8,4.4,3.2,3.4,4.1,3.4,2.3,2.8,2,
59006,Nitrogen Dioxide,2025-07-03,1.3,1.4,0.9,1,2.2,2.2,1.3,3,2,1.7,1.4,1.3,1.5,1.1,1,0.8,0.6,0.7,0.6,0.6,1,1,1.2,1,
59006,Nitrogen Dioxide,2025-07-04,3.2,1.1,2.2,1.7,1.6,3.9,2.2,1.2,1.4,0.8,0.8,0.8,0.8,0.8,0.8,0.9,0.9,0.9,1.6,5.6,5.9,5.4,6.1,6.4,
59006,Nitrogen Dioxide,2025-07-05,6.2,5.7,5.6,4.6,4.1,4.3,4,3,2.2,2.6,2.4,2.2,2.2,2.1,2.2,2.2,2.9,3.7,3.7,4.5,2.9,3.8,3.3,3.1,
59006,Nitrogen Dioxide,2025-07-06,5.2,3.8,4.7,3.8,7.8,11.8,4.9,5.3,4.2,3.8,2.8,3.6,3.1,3,2.9,2.8,3,3.1,3.8,4.5,2.6,5,4.7,3.5,
59006,Nitrogen Dioxide,2025-07-07,3.7,3.1,2.6,9999,4.6,6.5,5.3,3.6,2.1,2,1.8,1.8,1.3,1.2,1.1,0.9,0.7,0.6,0.5,0.4,0.5,0.4,0.3,0.3,
59006,Nitrogen Dioxide,2025-07-08,0.2,0.3,0.3,0.4,0.6,1.1,0.9,0.9,1.2,0.9,1,1.1,1.2,1.8,1.2,1,1.2,0.9,1.5,2.1,3.3,4.1,4.8,4.4,
59006,Nitrogen Dioxide,2025-07-09,4.3,2.7,3.1,3.5,3.1,4,4.3,5.5,4.8,3.4,2.6,2.9,2.8,2.6,2.7,3.2,3.5,3,5.1,4,4.3,4.7,4.6,4.1,
59006,Nitrogen Dioxide,2025-07-10,3.5,2.2,2.5,2.2,1.8,4.7,3.3,2.9,1.5,1.6,1.7,1.8,1.8,2.4,2.7,3.6,2.9,1.9,1.3,2.1,2.2,2.1,2.5,1.7,
59006,Nitrogen Dioxide,2025-07-11,2.3,2.1,2.4,1.8,2.6,2.9,2.1,1.9,2.7,3.3,2.7,1.9,2,3.7,3.4,3.2,3.9,3.6,3.3,2.8,3,3.6,3.2,3.4,
59006,Nitrogen Dioxide,2025-07-12,1.9,1.5,2.4,2.6,2.4,3,4.5,3.5,2.8,2.4,2.3,2.5,1.9,1.8,1.7,1.8,2.1,1.7,1.5,1.5,1.9,2.5,2.5,2.1,
59006,Nitrogen Dioxide,2025-07-13,2.4,2.2,2.1,4.5,2.7,3.5,4.3,4.2,3.2,2.2,1.3,1.8,2.8,2.6,2,1.9,1.9,1.9,1.6,1.7,2.1,2.3,3,2.7,
59006,Nitrogen Dioxide,2025-07-14,2.7,2.6,2.5,9999,2.4,3.4,4.7,3.7,3.6,5.4,3.5,1.8,2.1,2.2,2,1.8,2.1,2.6,3.5,3.7,4.6,4,3.4,3.1,
59006,Nitrogen Dioxide,2025-07-15,2.7,3.4,3.7,4.9,4.1,5.1,10.3,2.6,1.6,2.2,2,2.1,2.2,1.7,1.3,1.6,1.5,2.4,2.7,6.3,9.1,7.8,6.8,5.2,
59006,Nitrogen Dioxide,2025-07-16,5,5.4,4.7,3.7,4.6,5.8,7.4,11,5.4,3,3,2.6,2.2,2.5,3.1,3.3,2.9,4.2,2.8,3.4,3.3,3.4,3.2,3.2,
59006,Nitrogen Dioxide,2025-07-17,3.1,3.2,3,2.4,2.2,3.1,3.3,3.3,3.1,3.6,3.5,2.9,1.4,1.4,0.8,0.8,0.6,0.5,1.1,0.4,0.6,0.5,0.4,0.4,
59006,Nitrogen Dioxide,2025-07-18,0.4,0.4,0.6,0.8,1.2,1.8,1.4,1.3,0.8,0.9,1,0.7,0.7,0.8,0.9,1.8,1.5,1.8,3.3,3.8,3.9,4.9,4.8,5.4,
59006,Nitrogen Dioxide,2025-07-19,5.4,4.2,4.3,5.4,4.9,4.8,6,5.6,2.2,1.4,1.3,1.2,1.4,1.2,1.7,1.9,2.2,3.5,3.6,3.2,3.8,4,3.6,2.2,
59006,Nitrogen Dioxide,2025-07-20,2,2.1,2.4,2,1.7,2.1,2.1,2.3,1.9,1.8,1.3,1.2,1,1,0.9,0.9,0.8,0.6,0.7,0.7,0.8,0.9,0.9,1.2,
59006,Nitrogen Dioxide,2025-07-21,1,0.7,0.5,9999,0.5,0.6,0.8,0.7,0.5,0.9,0.8,0.9,0.6,0.8,0.5,0.5,0.5,0.7,0.8,2.5,3.2,0.9,0.6,0.4,
59006,Nitrogen Dioxide,2025-07-22,0.4,0.4,0.4,0.5,1.1,2.6,2.5,1.8,1.8,1.1,1.5,1.1,1.3,0.9,1.2,1.3,1.2,1.7,1.4,1.6,2.3,2.5,2.6,2.4,
59006,Nitrogen Dioxide,2025-07-23,2.3,3.5,4.5,5.5,4.9,4.9,4.8,6.9,2.4,1.8,1.7,1.9,1.8,1.4,2,1.6,1.8,3.4,2.9,2.6,2.6,2.3,4.2,2.5,
59006,Nitrogen Dioxide,2025-07-24,1.9,2.7,2.4,2.3,3.4,4.7,6.9,5.9,4.9,4.9,5.3,4.9,4.6,4.7,3.6,3,2.6,2.6,3.1,1.4,2,1.9,1.5,1.1,
59006,Nitrogen Dioxide,2025-07-25,1.1,1,0.9,0.9,0.7,0.8,1.1,1.5,1.5,1.2,1.1,1,1,1.1,0.9,1,1,0.9,1.1,2,2.7,3.1,3.4,3,
59006,Nitrogen Dioxide,2025-07-26,2.8,2.7,2.5,1.8,2.1,3,4.1,2.9,1.8,1.8,1.7,1.9,1.5,1.1,1.1,1.2,0.9,1.1,1.1,1.4,2.9,2,2.2,4.2,
59006,Nitrogen Dioxide,2025-07-27,1.4,1.3,1.2,2,2.4,2.5,2.1,1.9,1.6,1.1,1.1,1.1,1,1.3,1.2,1.3,1,1,0.9,1,0.9,1,0.9,1,
59006,Nitrogen Dioxide,2025-07-28,1,0.9,0.8,9999,1.5,3.7,4.9,4.3,2.8,3,1.9,2,2.9,3.6,3.7,3.6,3.8,3.8,4.2,3.4,3.6,3.9,2.2,1.4,
59006,Nitrogen Dioxide,2025-07-29,1.3,1.2,1.1,0.9,1.1,1.3,1.4,1.5,1.2,1.2,1,0.9,1.2,1.1,0.8,1.4,1.3,1.2,0.9,1.2,1,1,1.5,1.4,
59006,Nitrogen Dioxide,2025-07-30,1.3,1.4,1.3,1.2,1.2,1.4,1.7,0.9,1.2,0.9,0.8,0.8,0.9,0.8,1,0.8,0.7,0.7,0.9,0.7,0.7,0.7,0.7,0.7,
59006,Nitrogen Dioxide,2025-07-31,0.8,0.9,1,1.1,1,1.1,1.6,1.4,1.3,1.6,1.3,1.6,1.3,1.1,1.4,1,1,0.9,1.1,2,3.5,5.1,2.2,1.2,
59006,Nitrogen Dioxide,2025-08-01,0.6,0.5,0.9,0.9,0.8,1.1,1.4,1.1,9999,0.6,0.6,0.5,0.6,0.6,0.5,0.5,0.4,0.5,0.7,2.3,6.4,12.6,10.7,5.3,
59006,Nitrogen Dioxide,2025-08-02,4.3,3,2.6,3.1,3,2.4,2.6,1.5,0.8,0.8,0.7,0.7,0.8,0.9,1,0.8,0.9,1.2,1.4,1.6,1.9,2.4,3.9,2,
59006,Nitrogen Dioxide,2025-08-03,1.8,1.5,1.5,1.6,1.7,2,2.5,1.5,1.2,1.2,1,1.1,1,1,1.2,1.2,1.1,1.4,2,1.9,3,2,2,1.7,
59006,Nitrogen Dioxide,2025-08-04,2.1,1.7,1.3,9999,2.7,2.2,2.1,1.5,1.1,1,1.1,1.1,1.1,1,1,1.1,1.7,4.4,6.1,2.2,1,0.8,0.8,0.7,
59006,Nitrogen Dioxide,2025-08-05,0.7,0.6,0.6,0.7,0.8,1.1,1.5,1.4,1.6,1.6,2,1.9,1.5,1.6,1.8,2.6,1.8,1.7,2,2.7,2.5,1.5,1.3,1.2,
59006,Nitrogen Dioxide,2025-08-06,1,1,0.9,1.2,1.2,1.8,2.4,2.5,1.8,1.7,2.2,2,1.5,2.4,1.5,2,2.3,2.8,2.5,2.3,2.4,3.1,5.1,4.3,
59006,Nitrogen Dioxide,2025-08-07,2.1,1.8,2,2,2.1,2.7,4.3,5.5,5.8,4.1,3.3,3.9,3.8,2.7,1.9,1.8,1.6,1.8,2.4,2.9,4,5.6,6.8,6.9,
59006,Nitrogen Dioxide,2025-08-08,6.7,5.1,5,5.6,5.9,7.9,11.9,8.2,3.6,3.3,2.7,2.6,2.4,2.3,2.4,2.8,2.6,2.6,2.3,2.5,2.8,3,3.3,3.3,
59006,Nitrogen Dioxide,2025-08-09,4.1,6.1,4.3,4.6,5.5,6.1,7,3.8,3.5,3.2,2.5,2.1,2.1,2,2.6,2.3,2.2,2.9,3.9,3.3,1.8,2,3.2,2.2,
59006,Nitrogen Dioxide,2025-08-10,2,1.8,5.3,2.4,3.4,3.3,4.5,5.2,2.9,2,2.1,2.2,2.1,2.7,2.6,2.7,2.3,2,2.9,1.9,3.2,2.5,2.7,4.5,
59006,Nitrogen Dioxide,2025-08-11,3,2,3,9999,3.9,5.9,11.7,8.5,6.8,3.2,2.4,2.3,2.5,2.3,2.6,2,2.1,2.4,3.1,2.4,3.2,4.1,2.7,4.9,
59006,Nitrogen Dioxide,2025-08-12,4.9,2.8,3,5.6,6.4,9.4,9.2,6.1,5.2,3.9,2.7,2.5,3,2.4,3.2,4,3.2,2.5,2.4,4.1,4.9,3.7,6.4,5.8,
59006,Nitrogen Dioxide,2025-08-13,5.9,5.1,5.6,4.5,1.9,3.8,4.6,4.7,4.3,2.8,1.9,2,2.1,2,1.8,1.9,1.6,1.3,1.6,2.3,2.8,2.9,3.1,3.3,
59006,Nitrogen Dioxide,2025-08-14,2.9,3,2.4,1.9,1.8,1.9,2,1.6,1.2,1.2,1.1,1,1.1,0.9,1.1,1.1,1.2,1.3,1.2,3.5,5.6,4.3,3.7,2.6,
59006,Nitrogen Dioxide,2025-08-15,2.3,2.1,2.2,1.9,1.9,2.8,3.3,3.1,2.6,1.7,1.5,1.8,1.7,1.5,1.8,1.3,1.7,1.3,1.6,2.7,3.3,5.2,3.5,2.9,
59006,Nitrogen Dioxide,2025-08-16,3,2.9,4.6,6.2,5.2,3.9,3.6,6.1,4.1,3.5,1.9,1.8,1.4,1.8,2.2,2.6,3.3,3.6,5.3,6.7,7.3,7,6.1,4.8,
59006,Nitrogen Dioxide,2025-08-17,2.8,4.3,5.1,2.3,1.8,2.3,2.4,2.1,1.5,1.2,0.9,0.6,0.6,0.5,0.7,0.5,0.6,0.4,0.5,0.8,0.9,0.5,0.4,0.4,
59006,Nitrogen Dioxide,2025-08-18,0.2,0.2,0.2,9999,0.6,0.5,1.1,0.9,0.9,1.1,0.9,0.7,0.6,0.7,0.6,0.9,0.9,0.9,1.9,3,3,3.7,2.4,3.6,
59006,Nitrogen Dioxide,2025-08-19,1.6,1.1,1,1,1.1,1.3,2.2,3.2,3.7,3.1,2.7,2.8,2.8,3.3,3.4,3.7,3.4,1.9,1.3,1.5,1.6,1.4,1.3,1,
59006,Nitrogen Dioxide,2025-08-20,1.1,1.1,1.1,1.3,1.4,1.9,3.2,2.7,2.9,2.6,2.3,2.7,2.7,2.6,3,1.9,1.8,1.3,1.9,2.5,1.9,2.9,3.6,4.2,
59006,Nitrogen Dioxide,2025-08-21,2.3,3.1,1.4,2.6,1.8,2.2,1.9,1.6,1.5,3.1,1.5,1.5,1.4,1.5,1.6,1.2,0.7,1.3,1.6,4.8,6.4,8,3.2,2.7,
59006,Nitrogen Dioxide,2025-08-22,2.3,2.8,2.3,2.9,3.5,5.1,4.1,4.3,2.8,1.9,1.4,2,1.5,1.3,2.2,2.3,3,3.3,3.5,3.8,4.7,4.5,4.4,6.3,
59006,Nitrogen Dioxide,2025-08-23,6,6,4.6,3.9,7.1,6.9,6.2,6.3,4.9,3.9,3.7,3.5,3.8,4,3.8,3.3,4.4,4,4.5,3.7,5,5.4,3.1,3.7,
59006,Nitrogen Dioxide,2025-08-24,4,2.6,1.8,2.2,1.9,2.2,1.6,1,1.8,0.9,1,1,0.9,1.4,2.4,2.2,1.5,3.5,4.6,2.1,3.2,2.9,1.2,1.4,
59006,Nitrogen Dioxide,2025-08-25,1.1,0.9,1.1,9999,1.2,1.6,1.7,1.3,0.9,0.8,0.8,0.9,0.9,0.7,0.8,0.9,0.8,0.8,1.1,1.3,0.7,0.9,1,0.8,
59006,Nitrogen Dioxide,2025-08-26,0.9,1,1,0.6,0.7,0.9,1.2,0.9,0.7,0.9,0.9,0.8,0.8,0.6,0.5,0.8,0.6,0.8,0.8,1,1.1,0.8,0.8,0.8,
59006,Nitrogen Dioxide,2025-08-27,0.9,1.3,1.3,1.5,1.4,2,1.9,1.6,1.1,0.9,0.9,0.7,0.6,0.8,0.8,0.9,0.9,0.9,1.6,6,7.7,3.6,7.6,7.7,
59006,Nitrogen Dioxide,2025-08-28,3.6,6.7,4.4,4.2,4.4,5.2,5.7,6.1,5.5,5.9,8.4,4.9,2.7,2.3,2.3,1.8,1.9,1.2,3.3,3.2,1,1.1,0.3,0.3,
59006,Nitrogen Dioxide,2025-08-29,0.3,0.3,0.5,0.5,1.1,1,1,0.8,0.6,0.4,0.7,0.5,0.6,0.5,0.5,0.7,0.5,0.6,0.8,0.9,1.1,1.2,1.1,1.7,
59006,Nitrogen Dioxide,2025-08-30,1.1,1.8,1.5,1.5,1.8,1.4,1.6,1.3,1.1,0.6,0.5,0.4,0.4,0.5,0.4,0.4,0.5,0.6,0.7,1.3,1.6,2.1,1.6,2.3,
59006,Nitrogen Dioxide,2025-08-31,2,2.2,1.5,1.8,1.2,2.5,1.7,1.8,0.8,0.8,0.7,0.7,0.6,0.7,0.6,0.6,0.5,1.8,5,4.8,5.6,7.3,5.1,4.9,
59006,Nitrogen Dioxide,2025-09-01,6.7,5.7,7.5,9999,6.4,5.8,5.2,4,3.3,1.9,1.1,0.7,0.7,1.3,0.8,1.1,0.8,1.7,2.7,2.8,3.3,5.6,4.1,3.5,
59006,Nitrogen Dioxide,2025-09-02,4,7.6,6.7,4.8,6.8,6.4,5.5,7.6,6.2,3.4,1.4,1.9,1.5,1.8,1.5,3.1,4.1,3.2,2.4,5.1,5.6,4.4,4.7,4.3,
59006,Nitrogen Dioxide,2025-09-03,2.9,3.2,3.8,5.1,4.9,6,5.9,5.8,5.6,4.4,2.1,1.7,1.9,2.3,2.7,2,2.1,2,2.7,3.9,5.4,7.2,5.5,4,
59006,Nitrogen Dioxide,2025-09-04,1.7,2.6,2,2.8,3,4.5,4,5.7,1.7,1.2,0.6,0.8,1.1,0.9,0.9,1.2,1,1.1,2.9,6.5,6.6,3.9,3.2,3.7,
59006,Nitrogen Dioxide,2025-09-05,5,5.4,6.4,6,5.1,4.4,5.1,4.9,3,5,2.3,2.8,2.6,2.8,2.6,2.7,3.6,4.7,1.8,1.4,1.4,1.2,1.1,0.9,
59006,Nitrogen Dioxide,2025-09-06,1.4,1.8,2.2,2.4,3.2,4.1,4.6,3.8,3.3,2.2,1.5,0.9,0.7,0.9,2.2,2.6,3,1.5,1.9,6.1,5.2,7,5.5,1.7,
59006,Nitrogen Dioxide,2025-09-07,1.6,1.4,2.1,1.1,1.1,1.5,0.6,0.6,0.8,0.6,0.5,0.6,0.5,0.7,0.5,0.7,0.7,1,1.6,1.8,2.6,2.6,1.6,1.2,
59006,Nitrogen Dioxide,2025-09-08,0.9,1,1.2,9999,1,2,2.5,1.6,1.3,1.8,0.7,0.8,0.7,1.1,0.8,0.9,0.9,1.2,2.1,6.3,5.6,8.1,6.4,3.8,
59006,Nitrogen Dioxide,2025-09-09,3.9,3.7,6,5.4,6.4,5.6,6.8,7.2,6.5,7.9,1.8,2,2,1.7,1.9,2.1,2.3,2.3,2.7,7.8,7.4,7,5.5,4.2,
59006,Nitrogen Dioxide,2025-09-10,5.1,5.7,5.3,5.1,6.3,5.4,5.1,5.5,6.2,4,3.9,3,2.3,2.2,2.2,2,2.1,2.9,5.7,6.6,5.3,8.4,5.2,6.6,
59006,Nitrogen Dioxide,2025-09-11,4.4,3,1.8,4.1,2.9,3.5,3.2,3.9,2.1,2.4,2.3,1.7,1.3,1.7,1.6,1.3,1.7,1.9,1.9,1.9,1.7,1.7,1.2,0.8,
59006,Nitrogen Dioxide,2025-09-12,0.4,0.4,0.4,0.7,0.6,1.7,2,1.9,2,1.4,1.7,1.7,1.3,1.5,1.7,2.6,1.5,3.7,3.6,3.8,3.3,2.5,2.1,2.3,
59006,Nitrogen Dioxide,2025-09-13,2.4,2.6,5,4.4,4.9,3.9,4,6.1,7.4,5.6,7.5,5.5,3.3,2.6,2.3,2.5,2.1,2.1,2.4,1.8,1.2,1.2,1.2,1.6,
59006,Nitrogen Dioxide,2025-09-14,1.1,1,1,1.1,0.9,1.2,1.2,1.4,1,0.9,0.9,0.8,0.7,0.7,0.7,0.6,1,1.6,2.6,2.8,2.2,1.7,1,0.5,
59006,Nitrogen Dioxide,2025-09-15,0.6,0.6,0.6,9999,0.8,1.7,2.1,2.4,1.3,1.7,1.8,1,1.1,1.9,1.4,1.4,1.4,2.3,3.5,7.7,9.4,5.4,4.2,4.2,
59006,Nitrogen Dioxide,2025-09-16,4.2,1.7,1.1,1.6,3.8,6,5.8,4.6,7,4.6,1.8,1.4,1.5,1.6,1.3,1.2,1.8,2.1,3.4,3.4,4.8,4.7,5,3.4,
59006,Nitrogen Dioxide,2025-09-17,3.5,4.1,5.3,4.1,5.7,4.9,6.1,6.4,6,5.3,3.3,3.1,1.9,1.6,2.2,1.7,1.7,2.2,3.7,3.8,3.7,3.2,5.1,2,
59006,Nitrogen Dioxide,2025-09-18,1.2,2.1,3.3,3.5,3.7,4,9.3,6.2,4.5,2.1,2,1.6,2.1,2.1,1.3,1.5,1.2,1.4,1.3,1,0.7,0.5,0.4,0.3,
59006,Nitrogen Dioxide,2025-09-19,0.4,0.4,0.4,0.5,1.2,1.9,2.1,2.2,1,0.9,0.7,0.6,0.7,0.7,0.6,1,0.7,1.2,2.1,3.4,3.2,2.4,1.3,0.6,
59006,Nitrogen Dioxide,2025-09-20,0.2,0.4,0.2,0.2,0.5,0.8,0.9,0.6,0.5,0.6,0.5,0.2,0.5,0.5,0.6,0.6,0.7,0.9,4.4,4.8,5.4,4.7,2.7,2.1,
59006,Nitrogen Dioxide,2025-09-21,2,1.5,1.3,1,1.1,1.3,1.5,1.3,1.4,1.6,1.7,1.9,2,2,2.6,1.9,2,2.1,2.3,2.4,2.9,2.9,3.3,2.8,
59006,Nitrogen Dioxide,2025-09-22,2.3,1.7,1.9,9999,1.4,2.7,3.4,4.7,5.2,4.9,4.7,4.7,3.7,4.2,4.6,4.9,4.6,4.1,5.2,6.3,6.4,6.1,4.2,3.8,
59006,Nitrogen Dioxide,2025-09-23,3.4,3.2,3.3,4,3,3.8,7.4,9.1,4.1,3.8,3.9,2.1,1.8,2.3,2.5,3.3,3.2,4.7,2.1,2.6,1.7,1.6,2.1,2.2,
59006,Nitrogen Dioxide,2025-09-24,2.8,1.5,3.2,1.3,1.5,2,2.8,3,2.4,2.4,2,1.9,1.9,2.3,1.9,1.6,1.9,2.5,1.9,1.5,1.1,1.1,1.1,1.3,
59006,Nitrogen Dioxide,2025-09-25,1.4,1.4,1.4,1.3,1.4,1.6,1.9,2.5,2.1,2.4,2.3,2.9,2.2,2.6,3.2,2.3,2.4,2.5,2.6,3,2.4,1.7,1,1.1,
59006,Nitrogen Dioxide,2025-09-26,0.7,0.7,0.7,0.7,0.8,0.8,1.2,1.5,1.3,1.3,1.1,1.1,1.1,1.1,1.1,1.2,1.1,1.6,3.3,3.6,3,4.8,4.9,2.8,
59006,Nitrogen Dioxide,2025-09-27,2.1,1.1,0.9,0.8,0.7,1.1,1.5,1.9,2,2.2,2,1.9,2.3,3.1,2.9,3.1,2.5,2.3,3.2,3.6,3.2,4.2,4,3.7,
59006,Nitrogen Dioxide,2025-09-28,3.6,3.7,3.7,2.5,1.5,1.2,1.3,1.2,1.6,1,0.8,0.8,0.6,0.6,0.6,0.6,0.8,1.4,1.8,1.6,1.1,1.2,0.8,0.6,
59006,Nitrogen Dioxide,2025-09-29,0.8,0.9,1,9999,3.8,3.5,8.4,11.7,7,3.4,1.7,1.9,2.1,2,2,1.3,1.7,4.3,6.6,7.3,4.8,4.7,4.2,3.8,
59006,Nitrogen Dioxide,2025-09-30,2.9,2.2,2.9,1.7,2.3,3.2,2.5,2.2,1.5,1.4,1.5,1.2,0.8,1.3,1.6,1.1,1.2,2.2,2.7,2.7,1.4,1.1,1.2,0.9,
59006,Nitrogen Dioxide,2025-10-01,0.6,0.5,0.5,1.1,0.6,1.1,2.4,2.2,1,1,1.1,0.8,0.7,1.1,0.7,1,1.1,4.4,5.2,4.5,2.5,2.8,4,3.1,
59006,Nitrogen Dioxide,2025-10-02,2.5,2.4,1.1,1.5,1.7,3,5.8,4.9,3.2,2.6,2,1.8,1.5,1.9,2,1.7,1.5,3.7,9.4,10.6,10.4,9.8,8.5,5.8,
59006,Nitrogen Dioxide,2025-10-03,4.4,5.5,5.5,5.9,7,6.7,7.5,8.2,9.1,14.9,7.2,3.6,1.6,2.9,2.7,2.3,2.6,10.1,8.5,8.4,12.7,13.6,16.5,11.3,
59006,Nitrogen Dioxide,2025-10-04,8.3,4.6,4.8,5.3,5.8,9.4,8.7,10.1,6.5,4.1,3.5,3.5,3.8,4.7,4.1,4.8,4.5,4.5,5.4,7,7.2,4.5,5.4,3.6,
59006,Nitrogen Dioxide,2025-10-05,3.2,4,4.1,5,5,6.9,5.5,7.5,8.5,4.3,4.5,3.9,3.5,3.1,3,3.4,3.4,5.8,4.4,4.3,4.4,5.2,5.5,4.6,
59006,Nitrogen Dioxide,2025-10-06,4.2,4.3,4,9999,5.7,8.1,11.1,18,12.6,9,3.7,3.6,3.4,4.1,6.5,5.2,4.8,6.2,6.6,6.6,5.9,4.6,6.5,7.4,
59006,Nitrogen Dioxide,2025-10-07,4.7,3,3.1,3,4,5.4,5.3,10.7,6.4,6.5,5,5.1,2.7,1.3,1.1,1.2,0.8,0.8,1.1,0.7,0.5,0.5,0.5,0.3,
59006,Nitrogen Dioxide,2025-10-08,0.4,0.5,0.4,0.5,0.6,1.1,1.4,1,1.1,1,0.8,0.9,0.7,0.8,0.7,1.1,1,1.2,1.4,2,1.3,0.9,0.9,0.6,
59006,Nitrogen Dioxide,2025-10-09,1.1,0.7,0.8,0.9,1.1,4.6,5.7,4.3,1.4,0.8,0.7,0.5,0.8,0.5,1,1.8,0.8,2.8,5.3,3.8,5.3,8.1,7.8,12.1,
59006,Nitrogen Dioxide,2025-10-10,13.3,7.5,7.3,7.1,7.4,9,10.5,6.7,5.7,8.6,2.9,2.1,1.8,2.2,1.8,1.8,2.4,3.8,5.9,5.6,5.4,7.1,6.6,7.4,
59006,Nitrogen Dioxide,2025-10-11,4.1,3.5,3.6,2.6,2.1,2.2,1.9,2.2,2.1,2.4,2.1,2.3,2.3,2.7,2.8,2.1,1.9,2.3,2.6,2.5,2.2,2.6,2.3,2.2,
59006,Nitrogen Dioxide,2025-10-12,1.8,1.6,1.5,1.8,1.8,2.4,2.6,2.1,1.8,1.5,1.3,1.2,1.1,1,1,1.1,1,2.1,2.9,2.7,2.8,1.8,1.9,2,
59006,Nitrogen Dioxide,2025-10-13,1.5,1.6,1.5,9999,1.9,2,2.1,2.3,1.6,1.2,1,1.1,1.1,1,0.8,0.7,1.2,2.3,3.1,3.1,3.3,3.8,3.4,3.8,
59006,Nitrogen Dioxide,2025-10-14,3.7,3.5,3.4,3.3,3.1,5.3,8.4,7.6,2.7,1.9,3.5,1.5,1.4,1.2,1,1.5,1.6,1.5,0.9,0.7,0.6,0.6,0.6,0.5,
59006,Nitrogen Dioxide,2025-10-15,0.4,0.3,0.3,0.6,0.5,1.3,2,3.3,1.5,0.9,-999,-999,-999,0.6,0.6,0.8,1.3,1.3,1.3,0.8,1,1,1.2,1.1,
59006,Nitrogen Dioxide,2025-10-16,1,1.2,1.1,1,1.7,3.2,3.4,2.4,1.5,1,0.8,0.6,0.3,0.5,0.6,0.7,0.8,3.8,4.8,2.9,1.5,1.6,1.5,1.7,
59006,Nitrogen Dioxide,2025-10-17,3.9,5,6.5,6.6,8.2,11.4,11.2,10.8,11.9,16.4,13.2,7.7,1.5,6.6,6.7,5.1,4.9,6.1,7.7,4.3,3.8,3.8,4.4,3.9,
59006,Nitrogen Dioxide,2025-10-18,3.4,3.1,2.6,2.3,2.8,4.2,5.1,4.5,2.9,2,1.8,1.6,1.1,1.1,1.1,1.3,1.8,2.9,3.9,4.8,6.1,4.5,4.8,5.1,
59006,Nitrogen Dioxide,2025-10-19,6.3,4.9,5.3,3.1,2.6,2.3,2.5,2.9,3.1,2,1.6,1.5,1.6,1.3,1.5,1.5,1.7,2.8,1.7,2,1.1,1.3,2.4,2.6,
59006,Nitrogen Dioxide,2025-10-20,2.5,1.9,1.3,9999,0.3,0.4,0.7,0.7,0.6,0.6,0.5,0.7,0.6,0.5,0.4,0.6,0.6,0.7,0.6,0.8,0.7,1.2,2.2,2,
59006,Nitrogen Dioxide,2025-10-21,3,3,3.2,5.9,6.6,6.9,7.3,7.6,4.3,2.8,2.8,2.1,3,4,4.2,4.9,5.3,5.4,6.8,10.7,9.4,5,4.7,4.5,
59006,Nitrogen Dioxide,2025-10-22,4.2,6.1,7.2,7.7,5,2.6,3.8,8.3,3.7,1.8,1.5,1.3,1.4,1.9,3.3,3.9,3.6,4.4,5.5,7.9,6.3,6.1,4.8,2.7,
59006,Nitrogen Dioxide,2025-10-23,2.1,5.2,4.9,2.3,2.3,2,2.8,1.9,1.2,1.2,1.2,0.9,1.1,1.4,1.4,1.5,2.1,3.3,4.3,2.7,2.4,2.5,3.8,2.1,
59006,Nitrogen Dioxide,2025-10-24,1.3,0.8,0.8,1.1,1.1,1.5,2,2.2,1.8,1,0.7,0.4,0.4,0.3,0.5,0.7,1.2,2,1.8,1.6,2.7,3.5,4.2,4.5,
59006,Nitrogen Dioxide,2025-10-25,4,5.2,4.8,4.1,4.8,8.7,7.5,8.1,3.1,3.6,2.5,0.9,0.5,0.7,0.5,0.7,1.4,2.9,2.2,1.9,1.7,2.5,2.9,2.8,
59006,Nitrogen Dioxide,2025-10-26,2.2,2.5,2.6,2.5,2.1,4,3.6,2.3,1.1,0.9,0.7,0.5,0.3,0.4,0.3,0.5,1.1,8.2,10.4,7.9,3.6,5.4,3.2,3.1,
59006,Nitrogen Dioxide,2025-10-27,4.4,6.2,3,9999,8.2,6.7,11.4,12.6,4.2,1.8,1.4,0.8,0.9,1.4,1,1.1,1.7,6.4,11.8,8.1,4.8,3.3,2.9,2.2,
59006,Nitrogen Dioxide,2025-10-28,1.6,2.6,2,2.6,2.5,3.2,5.6,6.6,3.4,2.4,1.8,1.3,0.9,1.3,1.1,1.2,1.7,3.5,2.8,2.8,2.7,2.8,2,1.9,
59006,Nitrogen Dioxide,2025-10-29,1.5,1.4,1.6,2.3,2.8,4.9,6.1,8.4,3.6,2.4,2.2,1.6,1.3,1.4,1.4,1.5,2.3,8.5,12.7,10.6,11.7,7.3,3.7,3.3,
59006,Nitrogen Dioxide,2025-10-30,2.4,2.3,2.5,3,3.2,3.6,4.2,5,4.6,3.3,3.1,2.8,1.7,1.7,1.5,1.8,2.1,2.6,2.6,2.9,3.2,2.5,1.7,1.2,
59006,Nitrogen Dioxide,2025-10-31,1,0.8,0.7,0.6,0.6,0.8,0.8,1,0.7,0.8,0.8,0.7,0.6,0.8,0.7,0.7,0.7,0.7,0.5,0.5,0.6,3.7,3.1,2.2,
59006,Nitrogen Dioxide,2025-11-01,1.5,0.6,1,1.6,1.4,1.7,2.2,1.3,0.9,0.5,0.4,0.4,0.5,0.5,0.7,0.6,1.1,2.1,4.5,8.5,5.3,5,8.1,7.4,
59006,Nitrogen Dioxide,2025-11-02,8.7,4.7,4.3,5.6,5.8,4.4,9.3,6.9,4.8,1.9,1,0.8,0.9,1.7,1.6,1.4,1.7,3,2.5,2.7,2.3,1.5,3.5,2.6,
59006,Nitrogen Dioxide,2025-11-03,2.6,3.5,3.8,9999,5.9,5.8,5.4,5.6,6.9,7.2,3.8,3.6,4,3.9,3.5,3,1.9,2.6,1.4,1.5,1.1,0.8,0.9,1.1,
59006,Nitrogen Dioxide,2025-11-04,0.3,0.6,0.5,1.2,0.7,1.2,2,2.7,1.8,1.5,0.9,0.8,0.9,1.1,2,1.5,1.6,2.5,2.2,3,3.3,2.5,4.4,8.5,
59006,Nitrogen Dioxide,2025-11-05,9.8,8,5.7,6,9.3,11.8,12.7,10.2,5.2,4.3,5.2,5.3,5.4,5.3,5.6,5.1,3.9,1.9,0.9,0.7,1.2,0.8,0.6,0.6,
59006,Nitrogen Dioxide,2025-11-06,0.5,0.5,0.7,0.5,0.5,1.1,1,1.1,1.9,0.5,2.5,0.6,0.9,0.8,0.7,1.2,1.5,3.9,7.7,6.8,7.6,9.4,17.2,16.9,
59006,Nitrogen Dioxide,2025-11-07,16.1,13.1,13.1,11.6,13.2,15.4,9.9,4.5,2.8,2.3,2.4,3.7,5.1,5.9,6.4,5.3,7.7,8,7.1,6.2,6.2,5.7,4.9,1.2,
59006,Nitrogen Dioxide,2025-11-08,0.8,0.4,0.4,0.3,0.4,0.4,0.6,1,0.8,0.5,0.4,0.5,0.4,0.6,0.5,0.8,1.6,7.1,5,2.9,2.5,1.5,1,0.8,
59006,Nitrogen Dioxide,2025-11-09,0.7,0.7,0.7,0.8,0.7,0.7,0.9,1,1.1,1.3,1,0.9,0.9,1,1,1.2,1.2,1,0.8,0.8,0.9,0.7,0.6,0.6,
59006,Nitrogen Dioxide,2025-11-10,0.6,0.8,0.8,9999,0.8,1.1,1.3,2.1,1.4,1.4,2.1,1.1,0.8,0.9,1,1.3,1.2,1.2,1,1.2,1.1,0.9,0.7,0.6,
59006,Nitrogen Dioxide,2025-11-11,0.5,0.5,0.6,0.6,0.9,1,1.3,1.2,1,0.8,0.6,0.6,0.6,0.6,0.8,1.2,1.4,2.8,2.4,2.3,2.7,4.9,7.3,6.8,
59006,Nitrogen Dioxide,2025-11-12,5.1,4.5,4.7,5.9,6.5,6.8,7.4,8.9,9.5,8.3,8.1,7,6.4,4.8,3.5,1.8,1.6,1.5,1.5,1.2,1.1,0.8,0.7,1,
59006,Nitrogen Dioxide,2025-11-13,0.6,0.6,0.7,0.7,0.9,1,1.7,2.2,1.5,1.4,1.1,0.7,0.7,0.5,1,1,1.7,2,1.3,1.8,1.5,2,2.4,1.7,
59006,Nitrogen Dioxide,2025-11-14,1.4,1.2,1.2,2.5,5,3.5,6,7.1,3,1.8,1.6,1.1,0.7,0.6,0.8,0.8,3.2,8,9.4,4.1,5.3,8,8.2,7,
59006,Nitrogen Dioxide,2025-11-15,6.5,5.3,7.5,5.8,4.1,4.2,5.7,6,3.6,3.1,2.8,2.6,3.1,3.3,2.9,2.4,3.5,5.5,5.4,5.7,4.9,7,2.5,1.7,
59006,Nitrogen Dioxide,2025-11-16,1.6,1,0.7,0.4,0.5,0.5,0.6,0.5,0.5,0.7,0.5,0.4,0.4,0.4,0.4,0.4,0.5,0.5,0.5,0.5,0.5,0.6,0.4,0.4,
59006,Nitrogen Dioxide,2025-11-17,0.4,0.4,0.4,9999,0.4,0.6,0.7,1.1,1,1.1,0.7,0.7,0.7,0.7,1,0.8,0.9,1.1,0.9,0.9,1,0.8,0.7,0.8,
59006,Nitrogen Dioxide,2025-11-18,1.1,1.8,2.2,3,1.9,3.4,6.5,8.8,6.4,1.3,0.9,1,1,1,1.3,1.7,5.3,9.8,14.9,15.2,15.1,16,12,13.4,
59006,Nitrogen Dioxide,2025-11-19,18.8,13.2,10.7,6.2,7.7,11.9,15.4,12.6,16.7,2.3,1,0.8,1,0.8,0.8,1.3,5,9.2,9.6,9.3,9,13.1,15,17.4,
59006,Nitrogen Dioxide,2025-11-20,17.1,11.9,8,10.5,11.2,7.9,7.5,8.6,6.1,5.5,5,3.5,1.8,1.7,2.1,2.8,4.9,11.9,20.3,21.9,23.6,25.4,25.7,14.2,
59006,Nitrogen Dioxide,2025-11-21,9.8,7.6,5.9,4.3,3.3,4.5,5.6,6.5,5,3.8,2.8,1.4,0.9,0.8,1.1,1.2,1.7,3.5,4.9,4.4,10,17.7,12.3,10.6,
59006,Nitrogen Dioxide,2025-11-22,4.5,5,4.6,6.6,6.1,3.2,3.7,7.8,2.9,1.9,1.2,1,0.8,0.6,0.6,0.7,2.1,2.9,4.2,4,7.3,15.3,20.6,18.9,
59006,Nitrogen Dioxide,2025-11-23,9.1,3.2,3.1,2.9,6.4,6.8,6.6,6.7,3.9,4,3.9,2.4,1.5,1,0.9,0.8,1.4,0.9,0.7,0.9,0.9,0.7,0.6,0.7,
59006,Nitrogen Dioxide,2025-11-24,0.5,0.4,0.6,9999,1,3.1,5,14.9,9.6,2.8,1.9,2.4,1.9,3.7,5.6,5.3,6.6,7.9,9,7.1,6,6.6,4.8,6.7,
59006,Nitrogen Dioxide,2025-11-25,6.4,6.5,7.6,8.2,9.3,11.8,17.1,18.2,17.3,17.3,13,7.8,4.4,4.1,4.3,5.6,6.7,8.7,7.4,6.1,6.7,5.4,5.3,4.1,
59006,Nitrogen Dioxide,2025-11-26,3.4,3.9,4.6,5.9,5.3,5.6,11.2,15.9,8.3,4.9,4.9,4.3,3.6,4.4,3.7,5.4,4,2.1,3.3,4.5,4.8,4.9,4.4,4.3,
59006,Nitrogen Dioxide,2025-11-27,3.7,3.7,3.7,3.7,2.9,1.8,1.2,1.1,1.1,1.1,0.9,0.7,1,0.7,0.7,1,1.2,2,1,1.2,0.7,0.7,0.8,0.7,
59006,Nitrogen Dioxide,2025-11-28,0.6,0.6,0.7,0.8,0.9,1.2,1.6,1.9,1.3,1,1,0.6,0.6,0.7,0.8,0.7,0.9,1.1,0.8,0.8,1.3,1.1,1.2,1.6,
59006,Nitrogen Dioxide,2025-11-29,1.8,2,2.7,2.1,1.2,1.2,2.3,3.1,2.4,1.1,0.9,1,0.7,0.7,1.2,1.5,3.6,8.9,11.7,7.1,5.1,3.7,2.2,1.8,
59006,Nitrogen Dioxide,2025-11-30,2,2.4,2.3,2.6,3,2.4,1.7,2,3.1,2.6,2.7,2,2.9,4,4.5,4.7,5.4,5.8,5.4,4.2,1.9,0.8,0.6,0.4,
59006,Nitrogen Dioxide,2025-12-01,0.5,0.6,0.5,9999,0.7,0.9,1.1,1.6,2.5,1.1,1.5,0.9,0.7,0.6,1.7,2.8,5.8,10.6,12.5,8,6.5,6,4.9,4,
59006,Nitrogen Dioxide,2025-12-02,3.3,2.8,3.8,4.4,3.1,3.4,4.9,5.6,6.6,5.8,3.4,2.9,2.1,1.8,2,4.3,4.7,9,15.5,16,16.3,19.1,18.8,15.6,
59006,Nitrogen Dioxide,2025-12-03,23.7,24.1,21.6,19.6,22.8,24.6,24,25.6,25.2,20.2,14.4,8.9,7.6,5.5,5.5,6.2,6.1,4.6,4.7,5,6.3,7.4,7.5,6.5,
59006,Nitrogen Dioxide,2025-12-04,4.8,2.9,1,1.1,1.1,1.9,2.1,1.8,1.1,0.8,0.8,0.9,0.6,0.5,0.5,0.8,1.2,2.7,5.4,13.9,20,22.6,18,23.2,
59006,Nitrogen Dioxide,2025-12-05,26.5,30.2,23.5,27.4,27,27.7,29.8,29.6,26.1,18.1,10.6,3.4,2.5,4.1,4.8,5.1,7.6,8.4,8.9,11.2,13.6,6.1,5.5,5.4,
59006,Nitrogen Dioxide,2025-12-06,5.1,6,6,5.2,4.8,5.3,4.6,4.4,3,3.9,4.5,3.7,2.8,2.4,1.8,1.9,1.8,1.6,1.4,1,1.1,1.3,2,1.8,
59006,Nitrogen Dioxide,2025-12-07,2.2,2.3,2,2.7,4.1,2.2,2.9,3.2,2.9,2.8,2.3,3.3,3.1,2.8,2.3,3.1,1.4,5.4,5,5.3,3.4,2.3,1.3,0.9,
59006,Nitrogen Dioxide,2025-12-08,0.8,1.5,1.5,9999,2.3,2.9,3.9,4.6,4,3.5,2,1.6,1.7,1.2,1.3,1.9,9.3,15.5,15.8,25,33.6,22.2,27.4,24.6,
59006,Nitrogen Dioxide,2025-12-09,20.2,27.7,27.5,29,28.3,25.8,27.8,30.2,24.6,9999,9999,9999,9999,4.4,5.6,6.8,6.1,5.3,4.9,5.3,6.7,7.5,8.5,8.6,
59006,Nitrogen Dioxide,2025-12-10,8,7.6,7.7,8.5,14.3,21.4,16.4,12.8,9.1,7.2,6.2,5.9,5.7,6,5.5,5.1,3.6,2.7,2.4,1.7,1.3,1.4,1.1,1,
59006,Nitrogen Dioxide,2025-12-11,1,0.8,1,0.8,1,1,1.1,1.4,1.3,0.9,0.8,0.8,0.8,0.9,0.9,1.3,2.6,3.6,4.2,2.6,3.4,3.5,4.7,6.7,
59006,Nitrogen Dioxide,2025-12-12,10.6,9.2,2.7,3.2,5.5,3,2.4,2.6,3.5,2.9,2.5,2.9,2.6,2.1,1.3,3.7,3.6,2.8,2.1,2.7,4.2,3.7,4.4,4.5,
59006,Nitrogen Dioxide,2025-12-13,5,5.2,5,5.2,5.4,5.6,7.3,6.8,5.9,5.7,3,1,0.9,0.8,1.1,1.3,2.1,1.6,1.7,1.7,1.2,1.2,1.3,1.4,
59006,Nitrogen Dioxide,2025-12-14,1.2,1.7,2,1.3,1.3,1.9,3,2.9,3.2,1.8,1.1,0.7,0.8,0.5,0.7,0.8,1.3,1.3,1.2,1,1.1,1.1,1,1.3,
59006,Nitrogen Dioxide,2025-12-15,1.3,1.6,1.8,9999,2.3,2.7,4,8.4,9,13.5,12.9,7.1,5.8,4.9,4.2,7.1,11,12.1,8.5,5.5,3.5,3.3,3.5,3.7,
59006,Nitrogen Dioxide,2025-12-16,3.7,3.8,4,4.3,6.4,6.8,6.7,7.6,12.5,8.3,7.6,6.5,10,8,8.3,7.2,6.5,5.3,6.1,7.1,6.5,6.8,6.2,5.6,
59006,Nitrogen Dioxide,2025-12-17,5.1,4.9,4.5,4.4,4.4,4.4,4.2,5.6,5.7,5.6,5.1,4.1,3.7,2.6,1.1,1.2,1.3,1,1.1,1.3,1.4,1.6,1.3,1.6,
59006,Nitrogen Dioxide,2025-12-18,3.4,9.8,6.3,10.2,5.7,5.6,14.1,19.8,21.9,11.6,5.4,3.5,3.4,3.5,7.2,7.2,16.5,5.5,4,3,3.2,3.7,3.9,4.1,
59006,Nitrogen Dioxide,2025-12-19,4,3.4,3.6,4.1,4,2.3,1.8,1.1,2.2,3.3,6,2.6,1.4,1.6,1.5,1.6,1.1,0.8,0.7,0.6,0.5,0.3,0.4,0.4,
59006,Nitrogen Dioxide,2025-12-20,0.5,0.7,1.1,1.2,1.5,1.9,4.3,5.3,6.9,6.6,4.5,3.7,3,2.5,2.4,2.5,2.9,3.1,4.7,4.6,5.2,7.1,6.1,4.5,
59006,Nitrogen Dioxide,2025-12-21,3.9,2.6,0.6,0.5,0.5,0.6,0.7,0.9,0.9,1,1.1,1.2,1.2,0.9,1,0.7,0.9,0.8,0.9,1.7,2.1,2.2,2.5,2,
59006,Nitrogen Dioxide,2025-12-22,1.9,2,2.6,9999,6,6.1,19.4,31.8,25.6,21.6,12.4,7.5,8.4,9.7,10.4,14.9,14,9.8,8.2,12.6,15.7,9.5,6.5,7,
59006,Nitrogen Dioxide,2025-12-23,12.1,20,15.4,13.2,11.1,7.9,6.8,6.8,7.9,7.4,8.1,5.4,4.7,5.5,5.4,7.1,7.3,9,7.9,4.3,2.1,1.2,1,0.8,
59006,Nitrogen Dioxide,2025-12-24,0.6,0.4,0.5,0.6,0.6,0.6,0.7,0.8,0.9,0.7,0.5,0.6,0.7,0.8,0.6,1,3.9,5,4.7,5.4,3.3,4,3.9,4,
59006,Nitrogen Dioxide,2025-12-25,3.1,3.7,5,6.7,9.8,8,4.6,2.1,1.1,0.8,0.6,0.6,0.5,0.4,0.4,0.9,1.3,1.2,1.9,1.7,2.1,1.2,1.3,1.4,
59006,Nitrogen Dioxide,2025-12-26,1.2,1.3,1.3,1.4,1.2,1.3,1.5,1.6,1.7,1.6,1.6,1.5,1.8,2,2.1,2.9,7.3,3.9,2.8,2.4,2.4,2.2,1.9,2.1,
59006,Nitrogen Dioxide,2025-12-27,2.4,2.5,3,3.1,3.2,3.4,3.1,6.1,5.2,2.9,1.8,1.8,1.5,1.4,2.3,2,6.3,11.3,17.3,21.9,18.9,18.6,7.9,3.8,
59006,Nitrogen Dioxide,2025-12-28,3.3,3.8,3.4,3,2.5,3.2,5.9,5.1,4.4,5.3,4.3,4.7,3.5,3.7,3.6,3.3,3.3,3.1,3.5,3.2,3.3,2.9,3.1,3.4,
59006,Nitrogen Dioxide,2025-12-29,3.5,4.5,4.6,9999,10.4,8,4.4,3.2,2,3.8,4,3.3,3.3,3.5,3.2,1.5,0.5,0.5,0.6,0.5,0.4,0.4,0.3,0.4,
59006,Nitrogen Dioxide,2025-12-30,0.3,0.5,0.5,1,0.8,0.8,0.7,0.9,0.9,1.4,1,0.9,0.8,0.7,0.9,0.7,0.8,0.9,1,0.9,1.3,1.9,2.1,1.5,
59006,Nitrogen Dioxide,2025-12-31,2.8,4.8,3,2.5,1.5,1.5,2.5,3.3,2.3,3,2.7,2.9,2.4,2.3,3.2,5.2,7.9,9.6,9.4,8.2,3.6,0.7,0.7,0.6,


From,January 1, 2025 EST
To,December 31, 2025 EST



Air Quality Ontario. Maintained by the Government of Ontario
Copyright King's Printer for Ontario 2026
